{
  "model": "xgboost",
  "aggregate": {
    "r2": -2.2082378154539644,
    "mse": 0.004771164094084273,
    "mae": 0.036414096335298844,
    "directional": 0.47625
  }
}