{
  "model": "ridge",
  "aggregate": {
    "r2": -2.0679900064468058,
    "mse": 0.0045625931124115005,
    "mae": 0.03246287925893428,
    "directional": 0.48225
  }
}