{
  "model": "random_forest",
  "aggregate": {
    "r2": -0.42419892640640855,
    "mse": 0.00211801218343975,
    "mae": 0.02911404996135549,
    "directional": 0.4755
  }
}